"","CATEGORY","VIEWS"
"1","Autos & Vehicles",13929.587652439
"2","Comedy",29522.6479723631
"3","Entertainment",20568.6882573361
"4","Film & Animation",13889.0908849558
"5","Gadgets & Games",13519.7115351457
"6","Howto & DIY",23438.7099409107
"7","Music",22056.9633851532
"8","News & Politics",13667.143745883
"9","People & Blogs",13902.9489271683
"10","Pets & Animals",17562.953698311
"11","Sports",15509.6556941557
"12","Travel & Places",7085.8703655691
"13"," UNA ",54723.5114394662
